{"density":{"0":0.0,"1":0.0,"2":1000000000000000.0,"3":1000000000000000.0,"4":1000000000000000.0,"5":1000000000000000.0},"is_cond":{"0":false,"1":false,"2":true,"3":true,"4":true,"5":true},"is_dirac":{"0":false,"1":false,"2":true,"3":true,"4":false,"5":false},"gfactor":{"0":6.0,"1":6.0,"2":1.8,"3":1.8,"4":2.0,"5":2.0},"vf":{"0":null,"1":null,"2":800000.0,"3":800000.0,"4":null,"5":null},"dparam":{"0":null,"1":null,"2":8.331318428e-40,"3":8.331318428e-40,"4":null,"5":null},"meff":{"0":0.2,"1":0.2,"2":null,"3":null,"4":0.2,"5":0.2},"spin":{"0":1.0,"1":-1.0,"2":null,"3":null,"4":1.0,"5":-1.0},"active":{"0":true,"1":true,"2":true,"3":true,"4":true,"5":true},"Ebb":{"0":0.0,"1":0.0,"2":-9.467854683e-21,"3":-9.467854683e-21,"4":-3.886259059e-23,"5":-3.886259059e-23}}