,density,is_cond,is_dirac,gfactor,vf,dparam,meff,spin,active,Ebb
0,100000000000000,True,True,1.8,850000.0,8.331318427999999e-40,,,True,-3.1786527389999998e-21
1,1000000000000000,True,True,1.8,850000.0,8.331318427999999e-40,,,True,-1.005894126e-20
2,1550000000000000,False,False,6.0,,,0.30000000000000004,1.0,True,4.015801027e-23
3,1550000000000000,False,False,6.0,,,0.30000000000000004,-1.0,True,4.015801027e-23
